,0
0,NPK SJ Equity
1,EOH SJ Equity
2,CAPOIL NL Equity
3,DTS MC Equity
4,KNOC KN Equity
5,FM CT Equity
6,HPB SJ Equity
7,BAT ZL Equity
8,GSC SJ Equity
9,ALY SJ Equity
10,TRE SJ Equity
11,ABCTRANS NL Equity
12,TRA ZH Equity
13,BRDR ZH Equity
14,NCMP EC Equity
15,CFI ZH Equity
16,AFM MC Equity
17,AFRIBANK NL Equity
18,TJARI TU Equity
19,CCHZ ZL Equity
20,PRESCO NL Equity
21,IAM MC Equity
22,IBL MP Equity
23,SCOA NL Equity
24,MTR SJ Equity
25,BFN SJ Equity
26,UTC NL Equity
27,TMT SJ Equity
28,KAR SJ Equity
29,FPT SJ Equity
30,AQU SJ Equity
31,ALBARKAI NL Equity
32,MTX SJ Equity
33,CHP SJ Equity
34,SOT SJ Equity
35,BOE SJ Equity
36,NEIMETH NL Equity
37,RDCP BG Equity
38,RAD SJ Equity
39,DAE SJ Equity
40,HAL SJ Equity
41,NCGC EC Equity
42,CNL SJ Equity
43,CMCH KN Equity
44,MDC SJ Equity
45,ORY NW Equity
46,MTI NL Equity
47,EHDR EC Equity
48,VOG SJ Equity
49,MCB MP Equity
50,GUINNESS NL Equity
51,JOSBREW NL Equity
52,KUR KN Equity
53,CCG SJ Equity
54,INTF ZH Equity
55,OXB SJ Equity
56,DANGCEM NL Equity
57,ZMSG ZL Equity
58,GMCI EC Equity
59,UNIC NL Equity
60,UCAP NL Equity
61,INVESTRU ZL Equity
62,ART SJ Equity
63,FRT MC Equity
64,OCT SJ Equity
65,OASISINS NL Equity
66,TSH SJ Equity
67,ETN SJ Equity
68,CLN NW Equity
69,IPL SJ Equity
70,ABG TZ Equity
71,RVPL KN Equity
72,ALN SJ Equity
73,MKL SJ Equity
74,SLA NW Equity
75,ELD SJ Equity
76,AVU SJ Equity
77,ARBICO NL Equity
78,FTNCOCOA NL Equity
79,LOT SJ Equity
80,VTL SJ Equity
81,NCS SJ Equity
82,TFG SJ Equity
83,FSG BG Equity
84,KAIR TU Equity
85,SAC SJ Equity
86,TSF MC Equity
87,BTG SJ Equity
88,FIDELITY NL Equity
89,NBL SJ Equity
90,MBT SJ Equity
91,NTFD ZH Equity
92,ALC SJ Equity
93,SDH SJ Equity
94,COTT ZH Equity
95,DJAFK Index
96,TJL TU Equity
97,SRB SJ Equity
98,BCX SJ Equity
99,UBN NL Equity
100,STERLNBA NL Equity
101,TBX SJ Equity
102,IMG CN Equity
103,AB TU Equity
104,OML ZH Equity
105,FAHR KN Equity
106,EDGR ZH Equity
107,NEM NL Equity
108,TANTALIZ NL Equity
109,GOLDINSU NL Equity
110,ECR SJ Equity
111,FST NW Equity
112,MDA MP Equity
113,TAHO ZH Equity
114,GAZ MC Equity
115,OKZ ZH Equity
116,RTN SJ Equity
117,FGL SJ Equity
118,NBKL KN Equity
119,RPF SJ Equity
120,NDS SJ Equity
121,COR SJ Equity
122,AFR LN Equity
123,KAPC KN Equity
124,ZIMPLOW ZH Equity
125,UNGL KN Equity
126,NPFMCRFB NL Equity
127,INM SJ Equity
128,NIWICABL NL Equity
129,CCAP EC Equity
130,WEZ SJ Equity
131,ALKIM TU Equity
132,ICC SJ Equity
133,LBH SJ Equity
134,FOR SJ Equity
135,ASOSAVIN NL Equity
136,FDS SJ Equity
137,WAC SJ Equity
138,DIAMONDB NL Equity
139,SNFC EC Equity
140,PMM SJ Equity
141,AIICO NL Equity
142,NTC SJ Equity
143,MEAL KN Equity
144,SGL SJ Equity
145,RSG AU Equity
146,AGR SJ Equity
147,ANA SJ Equity
148,ETEL EY Equity
149,CPA SJ Equity
150,SPO SJ Equity
151,NWL SJ Equity
152,ACR SJ Equity
153,VOD SJ Equity
154,FNBB BG Equity
155,TOY SJ Equity
156,OLG SJ Equity
157,SAME KN Equity
158,NEJ MC Equity
159,SACL ZH Equity
160,CMP SJ Equity
161,TRUW ZH Equity
162,ENGN BG Equity
163,JCG SJ Equity
164,B2G NW Equity
165,ABL SJ Equity
166,SYR AU Equity
167,GPN SJ Equity
168,KEH SJ Equity
169,BOAB BC Equity
170,EIUD EC Equity
171,NPKZ ZH Equity
172,FORTISMF NL Equity
173,ORAS EC Equity
174,DTC SJ Equity
175,PAINTCOM NL Equity
176,MOR MP Equity
177,GOLI MP Equity
178,INCAR NL Equity
179,GML MP Equity
180,CTM MC Equity
181,CHE SJ Equity
182,CAPHOTEL NL Equity
183,CIH SJ Equity
184,UHOMREIT NL Equity
185,0991640D SJ Equity
186,INP SJ Equity
187,HONYFLOU NL Equity
188,SBM MC Equity
189,EGDL KN Equity
190,ARTES TU Equity
191,NMB TZ Equity
192,PRM SJ Equity
193,FUS SJ Equity
194,AGLEVENT NL Equity
195,NIN SJ Equity
196,MAYBAKER NL Equity
197,UTK KN Equity
198,MAG TU Equity
199,RES SJ Equity
200,SIB SJ Equity
201,CML BG Equity
202,MANDRID NL Equity
203,PHM SJ Equity
204,SNT SJ Equity
205,MEI MP Equity
206,BCI28 MC Equity
207,SQE SJ Equity
208,LINKASSU NL Equity
209,MOZ SJ Equity
210,CENTUM KN Equity
211,MTO SJ Equity
212,KNG SJ Equity
213,WAGLASS NL Equity
214,FO NL Equity
215,SOL SJ Equity
216,MRSOIL NL Equity
217,KTL SJ Equity
218,SCD SJ Equity
219,ONTBF BC Equity
220,IAINSURE NL Equity
221,PTR SJ Equity
222,PELH ZH Equity
223,PGD SJ Equity
224,CAS SJ Equity
225,VLC SJ Equity
226,RIN SJ Equity
227,GOLDBREW NL Equity
228,RTG ZH Equity
229,AFPRINT NL Equity
230,ZAIN KK Equity
231,ADL SJ Equity
232,SHELL MP Equity
233,WPH SJ Equity
234,MNP TU Equity
235,MMH SJ Equity
236,MZG SJ Equity
237,CRGN KN Equity
238,CFM LN Equity
239,DIV SJ Equity
240,MPRC EC Equity
241,QPG SJ Equity
242,AFROIL NL Equity
243,CET SJ Equity
244,DLM2 MC Equity
245,CRN SJ Equity
246,EAPC KN Equity
247,CHEM ZH Equity
248,JET MC Equity
249,ESRS EC Equity
250,ESR SJ Equity
251,AFS NW Equity
252,LHM MC Equity
253,BARC ZH Equity
254,BRN SJ Equity
255,NIGROPES NL Equity
256,MNG21 MC Equity
257,TRF SJ Equity
258,FRE SJ Equity
259,PZC LN Equity
260,MLN SJ Equity
261,MMG SJ Equity
262,1023Q SJ Equity
263,TMGH EY Equity
264,TDL SJ Equity
265,NHM SJ Equity
266,TLW LN Equity
267,BOCGAS NL Equity
268,STLN ZH Equity
269,PAIL KN Equity
270,MTE SJ Equity
271,SCBL KN Equity
272,AFRINSUR NL Equity
273,PRIMETIM BG Equity
274,GLT SJ Equity
275,PAC SJ Equity
276,MTECH NL Equity
277,ESL SJ Equity
278,ALM MC Equity
279,JBERGER NL Equity
280,CAP SJ Equity
281,SMI MC Equity
282,INTERLIN NL Equity
283,TWP SJ Equity
284,PMN SJ Equity
285,UNN SJ Equity
286,DUK SJ Equity
287,ACCESS KN Equity
288,MPT SJ Equity
289,FGM SJ Equity
290,CBIL KN Equity
291,PRN SJ Equity
292,IM KN Equity
293,HIPO ZH Equity
294,NAMPAK NL Equity
295,DOMT EC Equity
296,FVT SJ Equity
297,NCX SJ Equity
298,MULTITRE NL Equity
299,ARML KN Equity
300,TIW SJ Equity
301,INS SJ Equity
302,MEL SJ Equity
303,BIGTREAT NL Equity
304,DEAPCAP NL Equity
305,SLF MC Equity
306,TOL TZ Equity
307,DNM SJ Equity
308,JOHNHOLT NL Equity
309,CNC SJ Equity
310,LEW SJ Equity
311,FTN098 Index
312,PALC BC Equity
313,KLG SJ Equity
314,NGSEINDX Index
315,ADT SJ Equity
316,BVT SJ Equity
317,CDM MC Equity
318,MDI SJ Equity
319,STR MC Equity
320,ZHINDUSD INDEX
321,NMG TZ Equity
322,SVB SJ Equity
323,CAVERTON NL Equity
324,PRU AT Equity
325,EXX SJ Equity
326,CRP SJ Equity
327,WEMABANK NL Equity
328,PRA SJ Equity
329,EABL KN Equity
330,SKYESHEL NL Equity
331,MCM SJ Equity
332,MPL SJ Equity
333,TMA MC Equity
334,LMTC KN Equity
335,AHV SJ Equity
336,SWAN MP Equity
337,MAB MC Equity
338,PAM SJ Equity
339,ENV SJ Equity
340,EUR SJ Equity
341,SIS SJ Equity
342,KCBL TZ Equity
343,BMH MP Equity
344,HALLMARK NL Equity
345,FIRSTINL NL Equity
346,EPCO EC Equity
347,UPL NL Equity
348,HPA SJ Equity
349,PGR SJ Equity
350,SBK SJ Equity
351,CGP NW Equity
352,TRANSCOR NL Equity
353,UNIONDAC NL Equity
354,UMR MC Equity
355,CTL SJ Equity
356,PUR SJ Equity
357,ANG SJ Equity
358,AOX NW Equity
359,TERA MP Equity
360,REIZ ZL Equity
361,FSR SJ Equity
362,MIL SJ Equity
363,MEB SJ Equity
364,SJL SJ Equity
365,NRL MP Equity
366,ICT SJ Equity
367,UNILEVER NL Equity
368,AOD SJ Equity
369,CCN SJ Equity
370,TRM SJ Equity
371,COL MC Equity
372,FSH SJ Equity
373,WSC SJ Equity
374,DHO MC Equity
375,GDL SJ Equity
376,GUB SJ Equity
377,SRL SJ Equity
378,CAL SJ Equity
379,KPM SJ Equity
380,MEYER NL Equity
381,STAR TU Equity
382,MVL SJ Equity
383,AIND EC Equity
384,NSLTECH NL Equity
385,TCP SJ Equity
386,FPC BG Equity
387,MMI SJ Equity
388,WKN SJ Equity
389,CUSTODYI NL Equity
390,RTVC EC Equity
391,CIE UN Equity
392,ATEL ZL Equity
393,TKNL KN Equity
394,GLH SJ Equity
395,CIEB EC Equity
396,EMH SJ Equity
397,PWS ZH Equity
398,PON SJ Equity
399,SCP SJ Equity
400,ENR SJ Equity
401,BH TU Equity
402,AXC SJ Equity
403,DTA SJ Equity
404,NAM NW Equity
405,ANM NW Equity
406,BER MC Equity
407,KOS UN Equity
408,RLO SJ Equity
409,IMP SJ Equity
410,ABC SJ Equity
411,BUR SJ Equity
412,DST SJ Equity
413,JCD SJ Equity
414,SMURFIT NL Equity
415,MFL SJ Equity
416,NMH MP Equity
417,SET SJ Equity
418,RCT SJ Equity
419,SMR SJ Equity
420,EQBNK KN Equity
421,DGC SJ Equity
422,ESS SJ Equity
423,264303Q SJ Equity
424,BNA TU Equity
425,WAA MC Equity
426,UACPROP NL Equity
427,PTH SJ Equity
428,BAW SJ Equity
429,BCF SJ Equity
430,MUA MP Equity
431,MERI MP Equity
432,CFX ZH Equity
433,CRBG KN Equity
434,CBH SJ Equity
435,AELZ ZL Equity
436,KKZI KN Equity
437,PREMPAIN NL Equity
438,APN SJ Equity
439,STANBIC NL Equity
440,IHS NL Equity
441,INN ZH Equity
442,MLE MC Equity
443,AFT SJ Equity
444,LNC SJ Equity
445,STP SJ Equity
446,CVS SJ Equity
447,PEP SJ Equity
448,NAKL TU Equity
449,CUL SJ Equity
450,AND SJ Equity
451,CWG NL Equity
452,AFRIK NL Equity
453,ACT SJ Equity
454,SFR SJ Equity
455,HRHO EY Equity
456,TAIR TU Equity
457,NEI SJ Equity
458,WTN NL Equity
459,RDS SJ Equity
460,RAH SJ Equity
461,ELBEN TU Equity
462,PHL ZH Equity
463,CGU SJ Equity
464,POW SJ Equity
465,PLATINUM NL Equity
466,ELR SJ Equity
467,SNI MC Equity
468,ING SJ Equity
469,SGG SJ Equity
470,ILV SJ Equity
471,COM SJ Equity
472,VIL SJ Equity
473,UNIT EC Equity
474,GGM SJ Equity
475,LFS SJ Equity
476,OANDO NL Equity
477,PHARMDEK NL Equity
478,EHS SJ Equity
479,0948146D CT Equity
480,HPS20 MC Equity
481,M2M MC Equity
482,GRV SJ Equity
483,MED MC Equity
484,TLJ SJ Equity
485,NESF NL Equity
486,BDM SJ Equity
487,SNA MC Equity
488,DCB TZ Equity
489,CIL TU Equity
490,BLL SJ Equity
491,QMT SJ Equity
492,TGN SJ Equity
493,MIC MC Equity
494,IPF SJ Equity
495,APEX ZH Equity
496,SIMCAPVA NL Equity
497,NHL NW Equity
498,OCIC EC Equity
499,AFX SJ Equity
500,WBO SJ Equity
501,CMPL MP Equity
502,IOT SJ Equity
503,NNFM NL Equity
504,HCH SJ Equity
505,BAIN MP Equity
506,IVD NW Equity
507,CML SJ Equity
508,CCAP EY Equity
509,NBC NL Equity
510,UIB TU Equity
511,STA SJ Equity
512,ARC SJ Equity
513,CHOBE BG Equity
514,KEGC KN Equity
515,ZABR ZL Equity
516,IEH SJ Equity
517,GDO SJ Equity
518,CAFCA ZH Equity
519,AMA SJ Equity
520,CIH MC Equity
521,CNF SJ Equity
522,SIMBA TZ Equity
523,PTC SJ Equity
524,CONOIL NL Equity
525,KPLLP KN Equity
526,TZI ZH Equity
527,AIRSERVI NL Equity
528,IST SJ Equity
529,OCEANIC NL Equity
530,INTENEGI NL Equity
531,NAN SJ Equity
532,STB TU Equity
533,APF SJ Equity
534,NED SJ Equity
535,TNBK ZH Equity
536,KAP SJ Equity
537,AOI CT Equity
538,PREMBREW NL Equity
539,COSTAIN NL Equity
540,QHL SJ Equity
541,EGX30 Index
542,TON SJ Equity
543,TROPICPE NL Equity
544,MHH SJ Equity
545,ABCL KN Equity
546,RAYA EC Equity
547,DMR SJ Equity
548,VLT SJ Equity
549,BRIT KN Equity
550,ROKANA NL Equity
551,ECO SJ Equity
552,ATL MC Equity
553,SBMH MP Equity
554,GRA SJ Equity
555,AAI KN Equity
556,PDN AU Equity
557,ADI SJ Equity
558,CIC NW Equity
559,IMG CT Equity
560,GSC CT Equity
561,SEMDEX Index
562,IFA SJ Equity
563,OCE SJ Equity
564,FINCORP MP Equity
565,SYC SJ Equity
566,SCBB BG Equity
567,BAGCO NL Equity
568,SYA SJ Equity
569,SOT MC Equity
570,MBENEFIT NL Equity
571,SOTUV TU Equity
572,HMARKINS NL Equity
573,ITI SJ Equity
574,DNL SJ Equity
575,ABBEYBDS NL Equity
576,EQX SJ Equity
577,PROL ZH Equity
578,UNF SJ Equity
579,PIK SJ Equity
580,ASC SJ Equity
581,SUR SJ Equity
582,MRN SJ Equity
583,GIDC MP Equity
584,MTA SJ Equity
585,PNG NL Equity
586,INFINITY NL Equity
587,PFG SJ Equity
588,MAU FP Equity
589,ITR SJ Equity
590,SKPC EC Equity
591,INVP LN Equity
592,CAC SJ Equity
593,PGH TU Equity
594,CGS SJ Equity
595,SHP SJ Equity
596,TDH SJ Equity
597,HDC SJ Equity
598,BLU SJ Equity
599,UNG SJ Equity
600,CRH SJ Equity
601,RNT SJ Equity
602,SPA SJ Equity
603,MTMD MP Equity
604,MDG SJ Equity
605,GBH ZH Equity
606,TOT SJ Equity
607,SAB SJ Equity
608,HTBL KN Equity
609,PET SJ Equity
610,TSC SJ Equity
611,ARIS ZH Equity
612,INV MC Equity
613,NABR ZL Equity
614,ZSA SJ Equity
615,CHELLARA NL Equity
616,KNCB KN Equity
617,RESORTS NL Equity
618,AGM MC Equity
619,RIS MC Equity
620,CRX SJ Equity
621,MON SJ Equity
622,APPC EC Equity
623,WLN SJ Equity
624,CDA MC Equity
625,SNB NW Equity
626,EABL TZ Equity
627,AVG SJ Equity
628,AHH SJ Equity
629,SOPAT TU Equity
630,IBC MC Equity
631,UNITYBNK NL Equity
632,MEP NW Equity
633,CPT SJ Equity
634,FQMZ ZL Equity
635,GOC SJ Equity
636,EGAS EC Equity
637,SRM MC Equity
638,BETAGLAS NL Equity
639,ASG SJ Equity
640,ADSWITCH NL Equity
641,SSO NO Equity
642,AEG SJ Equity
643,REB MC Equity
644,MLB SJ Equity
645,ONA MC Equity
646,PGH SJ Equity
647,ATW MC Equity
648,ATB TU Equity
649,GDH SJ Equity
650,GRF SJ Equity
651,AXI SJ Equity
652,SLM SJ Equity
653,MDS SJ Equity
654,NBC SJ Equity
655,EFIC EC Equity
656,BNM MC Equity
657,AMER EC Equity
658,VLY SJ Equity
659,VITAFOAM NL Equity
660,EMI SJ Equity
661,SCAN KN Equity
662,PZ NL Equity
663,ARE SJ Equity
664,STDINSUR NL Equity
665,CIEL MP Equity
666,CRUSADER NL Equity
667,MAZ TU Equity
668,MUR SJ Equity
669,TQM MC Equity
670,MMW SJ Equity
671,IVT SJ Equity
672,BAA CN Equity
673,APE SJ Equity
674,SNP MC Equity
675,FNB NW Equity
676,NXT SJ Equity
677,EAST EC Equity
678,FEQ SJ Equity
679,PNC SJ Equity
680,ROADS NL Equity
681,FBC ZH Equity
682,REF SJ Equity
683,POLYPROD NL Equity
684,MASH ZH Equity
685,LSTR TU Equity
686,ZAMEFA ZL Equity
687,STARCOMM NL Equity
688,TDK SJ Equity
689,AGL SJ Equity
690,DWY MC Equity
691,DLTA ZH Equity
692,LAFA ZL Equity
693,AEE SJ Equity
694,OKITIPUP NL Equity
695,FFA SJ Equity
696,LASACO NL Equity
697,CLY SJ Equity
698,CADBURY NL Equity
699,ABI SJ Equity
700,ALX SJ Equity
701,COSG EC Equity
702,LKL KN Equity
703,ACA LN Equity
704,JA00 Index
705,OCDI EY Equity
706,LES MC Equity
707,PRT SJ Equity
708,BWN SJ Equity
709,PMV SJ Equity
710,GLN SJ Equity
711,SOF MC Equity
712,BATA ZL Equity
713,LON SJ Equity
714,LSR SJ Equity
715,STIP TU Equity
716,RCL SJ Equity
717,ETIT BC Equity
718,RREI EC Equity
719,MOIL EC Equity
720,LIVESTOC NL Equity
721,BCE MC Equity
722,APP SJ Equity
723,SEED ZH Equity
724,RNS SJ Equity
725,OTMT EY Equity
726,MRIB BG Equity
727,ICH SJ Equity
728,ELH SJ Equity
729,COMI EC Equity
730,ECH SJ Equity
731,ODM SJ Equity
732,CPF SJ Equity
733,SUBC NO Equity
734,BNC SJ Equity
735,QFH SJ Equity
736,AMB SJ Equity
737,NCT NW Equity
738,SBL SJ Equity
739,GCAPPA NL Equity
740,PAN SJ Equity
741,UNIONVEN NL Equity
742,WNE SJ Equity
743,MCC SJ Equity
744,EDBM EC Equity
745,UACN NL Equity
746,NPN SJ Equity
747,AXIA ZH Equity
748,FIN SJ Equity
749,DCPL MP Equity
750,PPC SJ Equity
751,GPR SJ Equity
752,EDV CT Equity
753,GWKL KN Equity
754,CMT MC Equity
755,CLS SJ Equity
756,BCBL KN Equity
757,DZL ZH Equity
758,RTBRISCO NL Equity
759,ALEX NL Equity
760,TPC SJ Equity
761,ABR SJ Equity
762,SVCE EC Equity
763,BRY SJ Equity
764,ALE SJ Equity
765,AFP SJ Equity
766,FSC SJ Equity
767,AMS SJ Equity
768,DTKL KN Equity
769,MOBIL NL Equity
770,HRHO EC Equity
771,ILA SJ Equity
772,ITE SJ Equity
773,CNY SJ Equity
774,INL SJ Equity
775,TUC NW Equity
776,1024Q SJ Equity
777,ICX10 Index
778,ORWE EC Equity
779,LYD MC Equity
780,DCEA KN Equity
781,CONFDINS NL Equity
782,ECN NW Equity
783,POR SJ Equity
784,OTR SJ Equity
785,SAUD EC Equity
786,AMI LN Equity
787,BT TU Equity
788,ATS SJ Equity
789,AHL SJ Equity
790,USV SJ Equity
791,ARI SJ Equity
792,CRS22 MC Equity
793,LGL SJ Equity
794,ZPI ZH Equity
795,PSC SJ Equity
796,RMH SJ Equity
797,ARN SJ Equity
798,CORNERST NL Equity
799,CEY LN Equity
800,NESTLE NL Equity
801,APB SJ Equity
802,ICF TU Equity
803,NWT SJ Equity
804,UCSP KN Equity
805,ANINO NL Equity
806,SPP SJ Equity
807,TWIGA TZ Equity
808,ZANACO ZL Equity
809,GEF SJ Equity
810,HLM SJ Equity
811,SOTET TU Equity
812,ERM SJ Equity
813,SPR SJ Equity
814,CSH SJ Equity
815,SAL SJ Equity
816,CPC SJ Equity
817,UHS SJ Equity
818,AIB SJ Equity
819,TEM SJ Equity
820,AKG CT Equity
821,UDEOFSON NL Equity
822,SNV SJ Equity
823,BSR SJ Equity
824,ABRD EC Equity
825,ARD SJ Equity
826,CIEC BC Equity
827,ZCCM ZL Equity
828,HWA SJ Equity
829,NVS SJ Equity
830,OCDI EC Equity
831,VLX SJ Equity
832,NIGERCEM NL Equity
833,NSU CT Equity
834,SRV SJ Equity
835,EKOCORP NL Equity
836,KA TZ Equity
837,ACP SJ Equity
838,SPN SJ Equity
839,DNKN KN Equity
840,ADS SJ Equity
841,HOL MC Equity
842,SNU SJ Equity
843,HMN SJ Equity
844,SWDY EY Equity
845,RDF SJ Equity
846,BCH SJ Equity
847,ITV SJ Equity
848,CPS SJ Equity
849,FRO SJ Equity
850,CILEASIN NL Equity
851,MYT SJ Equity
852,AJWA EC Equity
853,QNBA EC Equity
854,MNK SJ Equity
855,ENX SJ Equity
856,SGBC BC Equity
857,ALT SJ Equity
858,MGF SJ Equity
859,AIP SJ Equity
860,CCT SJ Equity
861,KHO SJ Equity
862,OPT SJ Equity
863,SOMOC TU Equity
864,AML MP Equity
865,NIG/GERM NL Equity
866,ARCC EC Equity
867,CAPALBET NL Equity
868,PSV SJ Equity
869,NBV KN Equity
870,IDI SJ Equity
871,MUM SJ Equity
872,GPL SJ Equity
873,TUF SJ Equity
874,APX SJ Equity
875,DLV SJ Equity
876,SLO SJ Equity
877,NAHCO NL Equity
878,TRANSEXP NL Equity
879,FTGH KN Equity
880,TSL ZH Equity
881,SEFCASH BG Equity
882,BWL NW Equity
883,ECO ZH Equity
884,BEL SJ Equity
885,FMHL ZH Equity
886,VNF SJ Equity
887,MSM MP Equity
888,FCPD SJ Equity
889,COURTS MP Equity
890,HAR SJ Equity
891,CTRL KN Equity
892,UAM SJ Equity
893,DTIMES NL Equity
894,UBP MP Equity
895,FSP SJ Equity
896,KWS SJ Equity
897,QCK SJ Equity
898,RFN SJ Equity
899,EVANSMED NL Equity
900,BBCL MP Equity
901,PCN SJ Equity
902,MSP SJ Equity
903,FIDSON NL Equity
904,UBU SJ Equity
905,BIHL BG Equity
906,EGTS EC Equity
907,CDR SJ Equity
908,ADH SJ Equity
909,AFRPAINT NL Equity
910,PRESTIGE NL Equity
911,NMB ZH Equity
912,FRS SJ Equity
913,DAW SJ Equity
914,MTL SJ Equity
915,PRI SJ Equity
916,UNITYKAP NL Equity
917,AWA SJ Equity
918,RFG SJ Equity
919,BCP MC Equity
920,DARSDSEI INDEX
921,LENNARDS NL Equity
922,IKEJAHOT NL Equity
923,FLOURMIL NL Equity
924,CAPS ZH Equity
925,ASHAKACE NL Equity
926,ARL SJ Equity
927,MLL SJ Equity
928,ETERNA NL Equity
929,OMA SJ Equity
930,CSB SJ Equity
931,SFBT TU Equity
932,KNOL KN Equity
933,APSW EC Equity
934,MCFI MP Equity
935,HWN SJ Equity
936,PBL MP Equity
937,SAH MC Equity
938,1051237D CT Equity
939,KNRE KN Equity
940,SUN MP Equity
941,SBBCMOL Index
942,MNHD EY Equity
943,LLR BG Equity
944,OCS NW Equity
945,CCH SJ Equity
946,SCHB BG Equity
947,LTA SJ Equity
948,CYD SJ Equity
949,SPAFRUP Index
950,ASR SJ Equity
951,CBS SJ Equity
952,DAWN ZH Equity
953,PGIN ZH Equity
954,FBR SJ Equity
955,TBS SJ Equity
956,JNC SJ Equity
957,ACGC EC Equity
958,AUSTIN NL Equity
959,AST TU Equity
960,KIO SJ Equity
961,MSA MC Equity
962,WES SJ Equity
963,CMA SJ Equity
964,ASL MP Equity
965,UBA NL Equity
966,WGR SJ Equity
967,BCC NL Equity
968,GTHE EC Equity
969,WILD ZH Equity
970,IFH SJ Equity
971,PPC ZH Equity
972,CIL SJ Equity
973,CCNN NL Equity
974,RCO SJ Equity
975,GUARANTY NL Equity
976,ETRAN NL Equity
977,ABCH BG Equity
978,BAU SJ Equity
979,ZED SJ Equity
980,SIR SJ Equity
981,PAMODZI ZL Equity
982,KIR SJ Equity
983,REM SJ Equity
984,GIJ SJ Equity
985,PIOH EC Equity
986,SVN SJ Equity
987,CBZ ZH Equity
988,STCL KN Equity
989,IVN CT Equity
990,TMGH EC Equity
991,RBP SJ Equity
992,BTFH EC Equity
993,SSK SJ Equity
994,SNM NW Equity
995,PEAR ZH Equity
996,SOKNA TU Equity
997,ECOBANK NL Equity
998,TLNET TU Equity
999,SBO SJ Equity
1000,KNAL KN Equity
1001,BOCK KN Equity
1002,FIRSTALU NL Equity
1003,ABPLAST NL Equity
1004,CRS SJ Equity
1005,CPB SJ Equity
1006,TLS TU Equity
1007,AIA SJ Equity
1008,NEX MC Equity
1009,HVN SJ Equity
1010,SIPHA TU Equity
1011,HLH SJ Equity
1012,MVS SJ Equity
1013,NTS ZH Equity
1014,EFID EC Equity
1015,BAL MC Equity
1016,PIV SJ Equity
1017,IPWA NL Equity
1018,GNK SJ Equity
1019,SPS SJ Equity
1020,VONO NL Equity
1021,PLTU TU Equity
1022,ADR SJ Equity
1023,NIB SJ Equity
1024,OMN SJ Equity
1025,GBL SJ Equity
1026,AVS SJ Equity
1027,UCS SJ Equity
1028,MCBG MP Equity
1029,TTO SJ Equity
1030,AUTO EC Equity
1031,PDL LN Equity
1032,LAF SJ Equity
1033,SALIM TU Equity
1034,FBR MC Equity
1035,API NW Equity
1036,BLVN LN Equity
1037,STT SJ Equity
1038,EPP SJ Equity
1039,VLE SJ Equity
1040,ELSH EC Equity
1041,HYP SJ Equity
1042,ABC ZH Equity
1043,WIFAK TU Equity
1044,CAIR ZH Equity
1045,KAT CT Equity
1046,FAM SJ Equity
1047,APG SJ Equity
1048,CLI SJ Equity
1049,ECS SJ Equity
1050,NIV SJ Equity
1051,CPX SJ Equity
1052,NTL SJ Equity
1053,CHOPPIES BG Equity
1054,JMH SJ Equity
1055,VKE SJ Equity
1056,BATK KN Equity
1057,ZENITHBA NL Equity
1058,UNIVINSU NL Equity
1059,SFN SJ Equity
1060,TCL KN Equity
1061,VTR SJ Equity
1062,DON SJ Equity
1063,EQD MC Equity
1064,ARO SJ Equity
1065,CSR MC Equity
1066,LAFARGE ZH Equity
1067,LAR SJ Equity
1068,TRANSCOH NL Equity
1069,TGL CN Equity
1070,RGL SJ Equity
1071,CAT SJ Equity
1072,CND SJ Equity
1073,CGN SJ Equity
1074,MDIT MP Equity
1075,BAT ZH Equity
1076,MOSENEW Index
1077,INTER ZH Equity
1078,GDA SJ Equity
1079,MORISON NL Equity
1080,SCE MC Equity
1081,GOLD UW Equity
1082,MCNICHOL NL Equity
1083,ATT SJ Equity
1084,THOMASWY NL Equity
1085,CMT SJ Equity
1086,STEQ TU Equity
1087,AMIA EC Equity
1088,ADI MC Equity
1089,MST SJ Equity
1090,SUI SJ Equity
1091,TURN ZH Equity
1092,UDL MP Equity
1093,PPR SJ Equity
1094,VMK SJ Equity
1095,CAP NL Equity
1096,SMC SJ Equity
1097,LISY ZH Equity
1098,AXA SJ Equity
1099,EMFD EC Equity
1100,OLM NW Equity
1101,MIM NW Equity
1102,MDN SJ Equity
1103,TRT SJ Equity
1104,CVH SJ Equity
1105,PRU AU Equity
1106,ACCESS NL Equity
1107,GMF SJ Equity
1108,TLF SJ Equity
1109,AMOC EC Equity
1110,RPL SJ Equity
1111,MASIMBA ZH Equity
1112,CRW SJ Equity
1113,CLR SJ Equity
1114,PUMA ZL Equity
1115,NB NL Equity
1116,AOULA MC Equity
1117,DRI MC Equity
1118,ORE SJ Equity
1119,ELWA EC Equity
1120,TURNSTAR BG Equity
1121,MIX SJ Equity
1122,PHDC EC Equity
1123,UNHOMES NL Equity
1124,NAI SJ Equity
1125,CFR SJ Equity
1126,JDG SJ Equity
1127,CNX SJ Equity
1128,SCEM EC Equity
1129,HSP SJ Equity
1130,MEI SJ Equity
1131,SMK SJ Equity
1132,SPE SJ Equity
1133,SLL SJ Equity
1134,BTO SJ Equity
1135,GEM SJ Equity
1136,ACN SJ Equity
1137,ROC SJ Equity
1138,JSE SJ Equity
1139,ACL SJ Equity
1140,PCT SJ Equity
1141,ILU SJ Equity
1142,HCI SJ Equity
1143,ELLAHLAK NL Equity
1144,EMG SJ Equity
1145,DIS MC Equity
1146,SAP SJ Equity
1147,TRE TU Equity
1148,RADR ZH Equity
1149,CMH SJ Equity
1150,CLC SJ Equity
1151,TOTAL NL Equity
1152,CMA MC Equity
1153,SNR SJ Equity
1154,EACL KN Equity
1155,RDS MC Equity
1156,ALT MP Equity
1157,SIAME TU Equity
1158,BERGER NL Equity
1159,HOR SJ Equity
1160,BWR SJ Equity
1161,OML LN Equity
1162,POLICY MP Equity
1163,JULI NL Equity
1164,HPS MC Equity
1165,JALSH Index
1166,TMG SJ Equity
1167,REB SJ Equity
1168,IAP SJ Equity
1169,AHN SJ Equity
1170,MML SJ Equity
1171,CRM SJ Equity
1172,CFCB KN Equity
1173,PIM SJ Equity
1174,ZDJ MC Equity
1175,NAS NW Equity
1176,LAN SJ Equity
1177,ASSAD TU Equity
1178,NBS NW Equity
1179,GMB SJ Equity
1180,LGM MC Equity
1181,CFC SJ Equity
1182,SPDIT TU Equity
1183,AQL SJ Equity
1184,NIDBFUND NL Equity
1185,IRON EC Equity
1186,MCU SJ Equity
1187,NIT MP Equity
1188,SAH SJ Equity
1189,ROYALEX NL Equity
1190,DUNLOP NL Equity
1191,REGALINS NL Equity
1192,BID SJ Equity
1193,TEX SJ Equity
1194,LAB SJ Equity
1195,MRF SJ Equity
1196,LUC CT Equity
1197,BRC SJ Equity
1198,EXL SJ Equity
1199,BTE TU Equity
1200,RNG SJ Equity
1201,SEM SJ Equity
1202,SERVI TU Equity
1203,TRIPPLEG NL Equity
1204,PLG SJ Equity
1205,TIM MC Equity
1206,MOL SJ Equity
1207,TRX SJ Equity
1208,DNA SJ Equity
1209,HMALLAC MP Equity
1210,UEGC EC Equity
1211,NT1 SJ Equity
1212,MNG MC Equity
1213,AWT SJ Equity
1214,STUDPRES NL Equity
1215,CLH SJ Equity
1216,SYCR SJ Equity
1217,STOKVIS NL Equity
1218,AFI SJ Equity
1219,CAE SJ Equity
1220,CES SJ Equity
1221,CUTIX NL Equity
1222,ELKA EC Equity
1223,OPHR LN Equity
1224,CONTINSU NL Equity
1225,GFI SJ Equity
1226,PDH SJ Equity
1227,TCC TZ Equity
1228,WAR SJ Equity
1229,CKS SJ Equity
1230,APK SJ Equity
1231,FRC SJ Equity
1232,LMI LN Equity
1233,BC129 MC Equity
1234,NIGSEWIN NL Equity
1235,NFH SJ Equity
1236,GNI NL Equity
1237,CCO SJ Equity
1238,ACADEMY NL Equity
1239,TRW NW Equity
1240,UTR SJ Equity
1241,EQUTYASU NL Equity
1242,CEN SJ Equity
1243,ZHL ZH Equity
1244,PDN NW Equity
1245,MANSARD NL Equity
1246,PAL SJ Equity
1247,FLEXIBLE NL Equity
1248,TAL SJ Equity
1249,RDP SJ Equity
1250,CFCI KN Equity
1251,UMME KN Equity
1252,FIRSTCAP NL Equity
1253,EMN SJ Equity
1254,7UP NL Equity
1255,TSX SJ Equity
1256,DCT SJ Equity
1257,IFS SJ Equity
1258,SHV SJ Equity
1259,THX NW Equity
1260,SRH NW Equity
1261,NKL MC Equity
1262,JAPAULOI NL Equity
1263,UNTL NL Equity
1264,SCBL ZL Equity
1265,WHL SJ Equity
1266,BECOPETR NL Equity
1267,S32 SJ Equity
1268,SBV SJ Equity
1269,DRD SJ Equity
1270,PADFP MP Equity
1271,NICB KN Equity
1272,ABT SJ Equity
1273,JHL TZ Equity
1274,PORT EC Equity
1275,VANLEER NL Equity
1276,VKN NW Equity
1277,FURN BG Equity
1278,SMT SJ Equity
1279,SFW SJ Equity
1280,PORT NL Equity
1281,INTBREW NL Equity
1282,TRU SJ Equity
1283,DBR SJ Equity
1284,BJM SJ Equity
1285,STK SJ Equity
1286,AFR SJ Equity
1287,AFO SJ Equity
1288,ELR CT Equity
1289,OTMT EC Equity
1290,FCMB NL Equity
1291,BARBI ZH Equity
1292,FRT SJ Equity
1293,GTHE EY Equity
1294,RHW SJ Equity
1295,UNIONDIC NL Equity
1296,NEP SJ Equity
1297,PSG SJ Equity
1298,KST SJ Equity
1299,MEIK ZH Equity
1300,NICO ZH Equity
1301,PAL TZ Equity
1302,CGI MC Equity
1303,PNR SJ Equity
1304,REDSTAR ZH Equity
1305,IVS SJ Equity
1306,ASTR ZH Equity
1307,GAR SJ Equity
1308,ELI SJ Equity
1309,UBCI TU Equity
1310,WIL BG Equity
1311,BTCL BG Equity
1312,DANGFLOU NL Equity
1313,GUINEAIN NL Equity
1314,DANGSUGA NL Equity
1315,CAN SJ Equity
1316,COMI EY Equity
1317,BIAT TU Equity
1318,DLM MC Equity
1319,CCL SJ Equity
1320,OCIC EY Equity
1321,SWISSPOR TZ Equity
1322,DAAR NL Equity
1323,MGR TU Equity
1324,SITS TU Equity
1325,DLF SJ Equity
1326,LETSHEGO BG Equity
1327,PRO MC Equity
1328,THL ZH Equity
1329,JSC SJ Equity
1330,MAV MC Equity
1331,PDN AT Equity
1332,COT SJ Equity
1333,MNP SJ Equity
1334,NMG KN Equity
1335,BTI SJ Equity
1336,NIGWIRE NL Equity
1337,BRM SJ Equity
1338,WET SJ Equity
1339,BGA SJ Equity
1340,AME SJ Equity
1341,OMATEK NL Equity
1342,SFLN BG Equity
1343,MLC MP Equity
1344,SCG SJ Equity
1345,BVN NW Equity
1346,REI SJ Equity
1347,FFB SJ Equity
1348,JGS SJ Equity
1349,OREG EC Equity
1350,ETEL EC Equity
1351,SIM SJ Equity
1352,ROGERS MP Equity
1353,MEPA EC Equity
1354,HFCL KN Equity
1355,RSG AT Equity
1356,LAWUNION NL Equity
1357,ELE SJ Equity
1358,GLAXOSMI NL Equity
1359,SEPLAT NL Equity
1360,NIGERINS NL Equity
1361,MIR SJ Equity
1362,ZBFH ZH Equity
1363,GBFS ZH Equity
1364,TPR TU Equity
1365,KPLL KN Equity
1366,BMBC KN Equity
1367,BCBB BG Equity
1368,BDS SJ Equity
1369,TINV TU Equity
1370,PAP SJ Equity
1371,CHAMS NL Equity
1372,FBNH NL Equity
1373,OSI SJ Equity
1374,JBIC KN Equity
1375,TOURIST NL Equity
1376,UUU SJ Equity
1377,VOX SJ Equity
1378,CPI SJ Equity
1379,OLYMPIA BG Equity
1380,FOZ SJ Equity
1381,SBM MP Equity
1382,YBG SJ Equity
1383,CDZ SJ Equity
1384,STPIL TU Equity
1385,CRS MC Equity
1386,SWDY EC Equity
1387,BRT SJ Equity
1388,PHDC EY Equity
1389,NSEASI INDEX
1390,MOUNT MP Equity
1391,CLE SJ Equity
1392,HELI EC Equity
1393,MSUG KN Equity
1394,COURTVIL NL Equity
1395,LOTO MP Equity
1396,HWF MP Equity
1397,MAC SJ Equity
1398,AEL SJ Equity
1399,CZA SJ Equity
1400,NEWPAK NL Equity
1401,AFROMEDI NL Equity
1402,IFR SJ Equity
1403,SIM ZH Equity
1404,EXPL KN Equity
1405,AFH SJ Equity
1406,ATL TU Equity
1407,RPC BG Equity
1408,BAT SJ Equity
1409,AFRIPRUD NL Equity
1410,NSE KN Equity
1411,CGR SJ Equity
1412,SNTS BC Equity
1413,AFL SJ Equity
1414,SCB TU Equity
1415,SKYEBANK NL Equity
1416,ZIMP ZH Equity
1417,ETI NL Equity
1418,ESRS EY Equity
1419,KFS NW Equity
1420,MES SJ Equity
1421,MNHD EC Equity
1422,GRT SJ Equity
1423,STS SJ Equity
1424,SPI SJ Equity
1425,0861674D SJ Equity
1426,RIV AT Equity
1427,DSY SJ Equity
1428,TKG SJ Equity
1429,AVONCROW NL Equity
1430,DOC SJ Equity
1431,TPSEA KN Equity
1432,LYS SJ Equity
1433,RAKUNITY NL Equity
1434,KGM SJ Equity
1435,WAPCO NL Equity
1436,AQP LN Equity
1437,STI SJ Equity
1438,IPR SJ Equity
1439,DDT SJ Equity
1440,SPRINGBK NL Equity
1441,GLL SJ Equity
1442,ELL NW Equity
1443,CRDB TZ Equity
1444,KRABO NL Equity
1445,OAI SJ Equity
1446,JUFO EC Equity
1447,COLC ZH Equity
1448,BOAN BC Equity
1449,IPG SJ Equity
1450,MMDZ ZH Equity
1451,INTERCON NL Equity
1452,KPLLP2 KN Equity
1453,UPDC NL Equity
1454,PDM SJ Equity
1455,SOV SJ Equity
1456,STNG KN Equity
1457,BCI MC Equity
1458,PIM MP Equity
1459,ZCI SJ Equity
1460,CBD SJ Equity
1461,ADH MC Equity
1462,OML SJ Equity
1463,HAFR KN Equity
1464,CIM MP Equity
1465,PRMH EC Equity
1466,BLL MP Equity
1467,S2M MC Equity
1468,AQP SJ Equity
1469,ZPT SJ Equity
1470,MRI SJ Equity
1471,ASUN ZH Equity
1472,BGSMDC Index
1473,BLT SJ Equity
1474,SWL SJ Equity
1475,ADWYA TU Equity
1476,OKOMUOIL NL Equity
1477,AFG SJ Equity
1478,MND SJ Equity
1479,PALMB TU Equity
1480,DLT SJ Equity
1481,EGY US Equity
1482,MTN SJ Equity
1483,ELEC EC Equity
1484,FWD SJ Equity
1485,AGI SJ Equity
1486,CRG SJ Equity
1487,SAM MC Equity
1488,LHC SJ Equity
1489,UNIF ZH Equity
1490,SPG SJ Equity
1491,MOX MC Equity
1492,TATEPA TZ Equity
1493,SDA SJ Equity
1494,ATQ SJ Equity
1495,LHG SJ Equity
1496,CST SJ Equity
1497,NASCON NL Equity
1498,ALD SJ Equity
1499,G4S BG Equity
1500,ATH MC Equity
1501,CPM SJ Equity
1502,PPE SJ Equity
1503,PMG SJ Equity
1504,IMG SJ Equity
1505,RPR SJ Equity
1506,VKG SJ Equity
1507,AWB SJ Equity
1508,BOABF BC Equity
1509,CTH SJ Equity
1510,PGL SJ Equity
1511,SAVA MP Equity
1512,ENAMELWA NL Equity
1513,TBL TZ Equity
1514,EVRD KN Equity
1515,GND SJ Equity
1516,MCQE EC Equity
1517,AFDS ZH Equity
1518,COOP KN Equity
1519,RMI SJ Equity
1520,AXC MC Equity
1521,MSM SJ Equity
1522,PTG SJ Equity
1523,MULTIVER NL Equity
1524,CSL SJ Equity
1525,UNIP EC Equity
1526,LIT MP Equity
1527,CXT SJ Equity
1528,STR SJ Equity
1529,SOVRENIN NL Equity
1530,RRM SJ Equity
1531,GNN SJ Equity
1532,LUSEIDX Index
1533,PNY SJ Equity
1534,STACO NL Equity
1535,SHP ZL Equity
1536,AVI SJ Equity
1537,RRS LN Equity
1538,PAG SJ Equity
1539,ABOSELAB NL Equity
1540,MCI NW Equity
1541,GGCC EC Equity
1542,SFT SJ Equity
1543,ISA SJ Equity
1544,ADW SJ Equity
1545,PMA SJ Equity
1546,PFN SJ Equity
1547,BIL SJ Equity
1548,MNS SJ Equity
1549,FIDL ZH Equity
1550,RTO SJ Equity
1551,IDQ SJ Equity
1552,LBV MC Equity
1553,AXL SJ Equity
1554,PNT SJ Equity
1555,ALUMACO NL Equity
1556,LEARNAFR NL Equity
1557,DWHEAD ZH Equity
1558,GFS SJ Equity
1559,LST SJ Equity
1560,UASG EC Equity
1561,TUSISE Index
1562,GIF TU Equity
1563,CEC ZL Equity
1564,AFE SJ Equity
1565,GULV ZH Equity
1566,APL SJ Equity
1567,AUM SJ Equity
1568,MTK SJ Equity
1569,BNX SJ Equity
1570,NCR NL Equity
1571,CC TU Equity
1572,PRCL EC Equity
1573,APA SJ Equity
1574,BSB SJ Equity
1575,FOREMOST NL Equity
1576,RBX SJ Equity
1577,BPL SJ Equity
1578,NSI SJ Equity
1579,DCRC EC Equity
1580,NRPD EC Equity
1581,SRY SJ Equity
1582,ZRR SJ Equity
1583,CIC KN Equity
1584,MDM SJ Equity
1585,MEC SJ Equity
1586,SSA SJ Equity
1587,EXG SJ Equity
1588,EQN CT Equity
1589,NAP BG Equity
1590,AEN SJ Equity
1591,ZAMBEEF ZL Equity
1592,FOM SJ Equity
1593,MAS SJ Equity
1594,SMF CT Equity
1595,WAAP NL Equity
1596,SPHC BC Equity
1597,SIMPA TU Equity
1598,NBK NW Equity
1599,MAF SJ Equity
1600,HRL SJ Equity
1601,AFI MC Equity
1602,REDSTARE NL Equity
1603,ARTD ZH Equity
1604,WAPIC NL Equity
1605,WTS SJ Equity
1606,THK SJ Equity
1607,COH SJ Equity
1608,RAG SJ Equity
1609,AL TU Equity
1610,SNH SJ Equity
1611,EKHO EC Equity
1612,PHOE ZH Equity
1613,OZZ SJ Equity
1614,MNY SJ Equity
1615,MSI SJ Equity
1616,LNF SJ Equity
1617,BNT SJ Equity
1618,SLU SJ Equity
1619,UEPS UQ Equity
1620,MRP SJ Equity
1621,MDP MC Equity
1622,MNX SJ Equity
1623,PEP BG Equity
1624,YRK SJ Equity
1625,RLY SJ Equity
1626,ZECO ZH Equity
1627,ML TU Equity
1628,DIB SJ Equity
1629,SID MC Equity
1630,ITU SJ Equity
1631,CHAMPION NL Equity
1632,TOC SJ Equity
1633,CAUDAN MP Equity
1634,SCL SJ Equity
1635,CELS ZH Equity
1636,SAFCOM KN Equity
1637,WATP EC Equity
